{
    "footprint": [
        4636752,
        4636752,
        4636752,
        4636752,
        4636752
    ],
    "connection_sparsity": [
        0.0,
        0.0,
        0.0,
        0.0,
        0.0
    ],
    "activation_sparsity": [
        0.962688897474952,
        0.9620984871134506,
        0.9622242863431768,
        0.9622344385617161,
        0.9619808096585559
    ],
    "dense": [
        1157120.0,
        1157120.0,
        1157120.0,
        1157120.0,
        1157120.0
    ],
    "macs": [
        0.0,
        0.0,
        0.0,
        0.0,
        0.0
    ],
    "acs": [
        47627.29430110362,
        48252.430238427056,
        48119.23200120532,
        48108.48266978041,
        48377.02901050887
    ],
    "r2": [
        0.7708998918533325,
        0.7697433829307556,
        0.7658698558807373,
        0.7732889652252197,
        0.7686694860458374
    ]
}