{
    "footprint": [
        4636752,
        4636752,
        4636752,
        4636752,
        4636752
    ],
    "connection_sparsity": [
        0.0,
        0.0,
        0.0,
        0.0,
        0.0
    ],
    "activation_sparsity": [
        0.972327918429561,
        0.9720756079287071,
        0.9722960634090299,
        0.9721810293084178,
        0.9718546839922001
    ],
    "dense": [
        1157120.0,
        1157120.0,
        1157120.0,
        1157120.0,
        1157120.0
    ],
    "macs": [
        0.0,
        0.0,
        0.0,
        0.0,
        0.0
    ],
    "acs": [
        33097.437792616474,
        33364.588187888556,
        33131.16639803515,
        33252.96634430885,
        33598.50598664518
    ],
    "r2": [
        0.7707026600837708,
        0.7682914733886719,
        0.7649762034416199,
        0.783195972442627,
        0.7714186310768127
    ]
}