{
    "footprint": [
        5029968,
        5029968,
        5029968,
        5029968,
        5029968
    ],
    "connection_sparsity": [
        0.0,
        0.0,
        0.0,
        0.0,
        0.0
    ],
    "activation_sparsity": [
        0.9674337070020056,
        0.9693601394382783,
        0.9668014173292002,
        0.9671568290704169,
        0.9663457298430824
    ],
    "dense": [
        1255424.0,
        1255424.0,
        1255424.0,
        1255424.0,
        1255424.0
    ],
    "macs": [
        0.0,
        0.0,
        0.0,
        0.0,
        0.0
    ],
    "acs": [
        45930.250702274716,
        43890.51321583025,
        46599.72912447574,
        46223.413486287674,
        47082.218325777074
    ],
    "r2": [
        0.6349197030067444,
        0.6391286253929138,
        0.6162348389625549,
        0.6308688521385193,
        0.6221206784248352
    ]
}