{
    "footprint": [
        33288,
        33288,
        33288,
        33288,
        33288
    ],
    "connection_sparsity": [
        0.4,
        0.4499,
        0.4499,
        0.5,
        0.4
    ],
    "activation_sparsity": [
        0.9831358600821549,
        0.9830514558871642,
        0.9832293522120034,
        0.9828959386019122,
        0.9831667590606711
    ],
    "dense": [
        16512.0,
        16512.0,
        16512.0,
        16512.0,
        16512.0
    ],
    "macs": [
        0.0,
        0.0,
        0.0,
        0.0,
        0.0
    ],
    "acs": [
        384.8604529426733,
        345.45734123377804,
        344.7231960449308,
        310.23276018757497,
        385.2005161946999
    ],
    "r2": [
        0.6222128868103027,
        0.6179561614990234,
        0.6259028911590576,
        0.6189599633216858,
        0.6253020763397217
    ]
}