{
    "footprint": [
        5029968,
        5029968,
        5029968,
        5029968,
        5029968
    ],
    "connection_sparsity": [
        0.0,
        0.0,
        0.0,
        0.0,
        0.0
    ],
    "activation_sparsity": [
        0.9678264599199353,
        0.9677016925142681,
        0.9666044805790832,
        0.9697968022965211,
        0.9664994155321894
    ],
    "dense": [
        1255424.0,
        1255424.0,
        1255424.0,
        1255424.0,
        1255424.0
    ],
    "macs": [
        0.0,
        0.0,
        0.0,
        0.0,
        0.0
    ],
    "acs": [
        44515.2003635174,
        44647.30608891635,
        45809.05164128103,
        42428.970329710275,
        45920.296193972885
    ],
    "r2": [
        0.7026504278182983,
        0.6982877254486084,
        0.6937527656555176,
        0.7061764597892761,
        0.6897212266921997
    ]
}