{
    "footprint": [
        21000,
        21000,
        21000,
        21000,
        21000
    ],
    "connection_sparsity": [
        0.5,
        0.5,
        0.5,
        0.5,
        0.5
    ],
    "activation_sparsity": [
        0.9843803966152429,
        0.9844430573144524,
        0.9842694661908051,
        0.9839762500959398,
        0.9841108656650549
    ],
    "dense": [
        10368.0,
        10368.0,
        10368.0,
        10368.0,
        10368.0
    ],
    "macs": [
        0.0,
        0.0,
        0.0,
        0.0,
        0.0
    ],
    "acs": [
        141.5787857855553,
        144.83803438483383,
        142.43629595517692,
        146.5035305856167,
        140.62312917338247
    ],
    "r2": [
        0.7529404163360596,
        0.7485090494155884,
        0.7454577684402466,
        0.7494449615478516,
        0.7339098453521729
    ]
}