{
    "footprint": [
        21000,
        21000,
        21000,
        21000,
        21000
    ],
    "connection_sparsity": [
        0.3999,
        0.5,
        0.4498,
        0.4498,
        0.4498
    ],
    "activation_sparsity": [
        0.9848690073433602,
        0.9851251000521202,
        0.9854018430531254,
        0.9855385421708053,
        0.9857654045363166
    ],
    "dense": [
        10368.0,
        10368.0,
        10368.0,
        10368.0,
        10368.0
    ],
    "macs": [
        0.0,
        0.0,
        0.0,
        0.0,
        0.0
    ],
    "acs": [
        215.70538140798928,
        177.61333345742898,
        196.73590893860987,
        197.26159673876623,
        196.89332117195934
    ],
    "r2": [
        0.5504208207130432,
        0.5454022884368896,
        0.5463449954986572,
        0.5420982837677002,
        0.5384171009063721
    ]
}