{
    "footprint": [
        5029968,
        5029968,
        5029968,
        5029968,
        5029968
    ],
    "connection_sparsity": [
        0.0,
        0.0,
        0.0,
        0.0,
        0.0
    ],
    "activation_sparsity": [
        0.9694540538154722,
        0.9705625909565411,
        0.9677904445856726,
        0.9687745438285402,
        0.9666120400335281
    ],
    "dense": [
        1255424.0,
        1255424.0,
        1255424.0,
        1255424.0,
        1255424.0
    ],
    "macs": [
        0.0,
        0.0,
        0.0,
        0.0,
        0.0
    ],
    "acs": [
        44325.33524587279,
        43151.59838431483,
        46086.791316132214,
        45044.81129219614,
        47334.504910415715
    ],
    "r2": [
        0.7413958311080933,
        0.7252722978591919,
        0.7345221638679504,
        0.732312023639679,
        0.7366430759429932
    ]
}