{
    "footprint": [
        33288,
        33288,
        33288,
        33288,
        33288
    ],
    "connection_sparsity": [
        0.4,
        0.4,
        0.4499,
        0.4499,
        0.4
    ],
    "activation_sparsity": [
        0.9831692923030692,
        0.9829806580477416,
        0.9836067849536825,
        0.983206447535179,
        0.9832427861687811
    ],
    "dense": [
        16512.0,
        16512.0,
        16512.0,
        16512.0,
        16512.0
    ],
    "macs": [
        0.0,
        0.0,
        0.0,
        0.0,
        0.0
    ],
    "acs": [
        418.9618485177104,
        423.8437749062545,
        381.5600297895136,
        379.1272979082013,
        420.15084207638137
    ],
    "r2": [
        0.6174390316009521,
        0.6021926403045654,
        0.601925253868103,
        0.6047990918159485,
        0.6122605800628662
    ]
}