{
    "footprint": [
        33288,
        33288,
        33288,
        33288,
        33288
    ],
    "connection_sparsity": [
        0.4499,
        0.4,
        0.5,
        0.4499,
        0.4499
    ],
    "activation_sparsity": [
        0.9821587679080573,
        0.9822969558502587,
        0.9818041542732937,
        0.9815944661022915,
        0.9821721054507374
    ],
    "dense": [
        16512.0,
        16512.0,
        16512.0,
        16512.0,
        16512.0
    ],
    "macs": [
        0.0,
        0.0,
        0.0,
        0.0,
        0.0
    ],
    "acs": [
        424.63473723115914,
        470.35538913724525,
        381.87434439790206,
        432.2501144003661,
        423.6753757612024
    ],
    "r2": [
        0.6919543743133545,
        0.6950990557670593,
        0.6888712644577026,
        0.67908775806427,
        0.6947025656700134
    ]
}