{
    "footprint": [
        4636752,
        4636752,
        4636752,
        4636752,
        4636752
    ],
    "connection_sparsity": [
        0.0,
        0.0,
        0.0,
        0.0,
        0.0
    ],
    "activation_sparsity": [
        0.9713393121503993,
        0.9720550465533208,
        0.9724208348505966,
        0.970851803468551,
        0.972414154408343
    ],
    "dense": [
        1157120.0,
        1157120.0,
        1157120.0,
        1157120.0,
        1157120.0
    ],
    "macs": [
        0.0,
        0.0,
        0.0,
        0.0,
        0.0
    ],
    "acs": [
        35342.307155355345,
        34584.47611779159,
        34197.17361602323,
        35858.48914783515,
        34204.24697516846
    ],
    "r2": [
        0.5827829241752625,
        0.5669522285461426,
        0.5988580584526062,
        0.5772613286972046,
        0.5981403589248657
    ]
}