{
    "footprint": [
        21000,
        21000,
        21000,
        21000,
        21000
    ],
    "connection_sparsity": [
        0.5,
        0.4498,
        0.4498,
        0.4498,
        0.5
    ],
    "activation_sparsity": [
        0.983461476891785,
        0.984426084786621,
        0.9840752005725263,
        0.9836170853892802,
        0.9835582319484726
    ],
    "dense": [
        10368.0,
        10368.0,
        10368.0,
        10368.0,
        10368.0
    ],
    "macs": [
        0.0,
        0.0,
        0.0,
        0.0,
        0.0
    ],
    "acs": [
        283.79517872612905,
        310.90493050585707,
        311.22986929827863,
        310.85711702889,
        280.6728238351727
    ],
    "r2": [
        0.7469080686569214,
        0.7527592778205872,
        0.7544168829917908,
        0.7545570731163025,
        0.7510294914245605
    ]
}